{
	"/(app)": [
		"src/routes/(app)/+page.server.ts",
		"src/routes/+layout.server.ts",
		"src/routes/+layout.server.ts"
	],
	"/": [
		"src/routes/+layout.server.ts"
	],
	"/api/events": [
		"src/routes/api/events/+server.ts"
	],
	"/api/invitations": [
		"src/routes/api/invitations/+server.ts"
	],
	"/(app)/arrangement/[slug]": [
		"src/routes/(app)/arrangement/[slug]/+page.ts",
		"src/routes/+layout.server.ts"
	],
	"/auth/feide": [
		"src/routes/auth/feide/+server.ts"
	],
	"/auth/feide/callback": [
		"src/routes/auth/feide/callback/+server.ts"
	],
	"/auth/logg-ut": [
		"src/routes/auth/logg-ut/+page.server.ts",
		"src/routes/+layout.server.ts"
	],
	"/(app)/beer-pong": [
		"src/routes/+layout.server.ts"
	],
	"/booking": [
		"src/routes/booking/+server.ts"
	],
	"/cms": [
		"src/routes/cms/+server.ts"
	],
	"/kontakt-oss": [
		"src/routes/kontakt-oss/+page.server.ts",
		"src/routes/+layout.server.ts"
	],
	"/(app)/logg-inn": [
		"src/routes/+layout.server.ts"
	],
	"/(app)/meny": [
		"src/routes/(app)/meny/+page.ts",
		"src/routes/+layout.server.ts"
	],
	"/(app)/om-oss": [
		"src/routes/(app)/om-oss/+page.ts",
		"src/routes/+layout.server.ts"
	],
	"/portal": [
		"src/routes/portal/+page.server.ts",
		"src/routes/+layout.server.ts",
		"src/routes/+layout.server.ts"
	],
	"/portal/admin": [
		"src/routes/portal/admin/+page.server.ts",
		"src/routes/+layout.server.ts"
	],
	"/portal/arrangementer": [
		"src/routes/portal/arrangementer/+page.server.ts",
		"src/routes/+layout.server.ts"
	],
	"/portal/arrangementer/ny": [
		"src/routes/portal/arrangementer/ny/+page.server.ts",
		"src/routes/+layout.server.ts"
	],
	"/portal/arrangementer/[id]": [
		"src/routes/portal/arrangementer/[id]/+page.server.ts",
		"src/routes/+layout.server.ts"
	],
	"/portal/brukere": [
		"src/routes/portal/brukere/+page.server.ts",
		"src/routes/+layout.server.ts"
	],
	"/portal/status": [
		"src/routes/portal/status/+page.server.ts",
		"src/routes/+layout.server.ts"
	],
	"/(app)/produkt/[id]": [
		"src/routes/(app)/produkt/[id]/+page.ts",
		"src/routes/+layout.server.ts"
	]
}